agent_action;agent_location;agentnr_victims;agentscore;human_action;human_location;humannr_victims;humanscore;world_nr;tick_nr
;(28, 28);0;0;;(1, 1);0;0;1;0
;(28, 28);0;0;;(1, 1);0;0;1;1
;(28, 28);0;0;;(1, 1);0;0;1;2
;(28, 28);0;0;;(1, 1);0;0;1;3
;(28, 28);0;0;;(1, 1);0;0;1;4
;(28, 28);0;0;;(1, 1);0;0;1;5
;(28, 28);0;0;;(1, 1);0;0;1;6
;(28, 28);0;0;;(1, 1);0;0;1;7
;(28, 28);0;0;;(1, 1);0;0;1;8
;(28, 28);0;0;;(1, 1);0;0;1;9
;(28, 28);0;0;;(1, 1);0;0;1;10
;(28, 28);0;0;;(1, 1);0;0;1;11
;(28, 28);0;0;;(1, 1);0;0;1;12
;(28, 28);0;0;;(1, 1);0;0;1;13
;(28, 28);0;0;;(1, 1);0;0;1;14
;(28, 28);0;0;;(1, 1);0;0;1;15
;(28, 28);0;0;;(1, 1);0;0;1;16
;(28, 28);0;0;;(1, 1);0;0;1;17
;(28, 28);0;0;;(1, 1);0;0;1;18
;(28, 28);0;0;;(1, 1);0;0;1;19
;(28, 28);0;0;;(1, 1);0;0;1;20
;(28, 28);0;0;;(1, 1);0;0;1;21
;(28, 28);0;0;;(1, 1);0;0;1;22
;(28, 28);0;0;;(1, 1);0;0;1;23
;(28, 28);0;0;;(1, 1);0;0;1;24
;(28, 28);0;0;;(1, 1);0;0;1;25
;(28, 28);0;0;;(1, 1);0;0;1;26
;(28, 28);0;0;;(1, 1);0;0;1;27
;(28, 28);0;0;;(1, 1);0;0;1;28
;(28, 28);0;0;;(1, 1);0;0;1;29
;(28, 28);0;0;;(1, 1);0;0;1;30
;(28, 28);0;0;;(1, 1);0;0;1;31
;(28, 28);0;0;;(1, 1);0;0;1;32
;(28, 28);0;0;;(1, 1);0;0;1;33
;(28, 28);0;0;;(1, 1);0;0;1;34
;(28, 28);0;0;;(1, 1);0;0;1;35
;(28, 28);0;0;;(1, 1);0;0;1;36
;(28, 28);0;0;;(1, 1);0;0;1;37
;(28, 28);0;0;;(1, 1);0;0;1;38
;(28, 28);0;0;;(1, 1);0;0;1;39
;(28, 28);0;0;;(1, 1);0;0;1;40
;(28, 28);0;0;;(1, 1);0;0;1;41
MoveNorth;(28, 28);0;0;;(1, 1);0;0;1;42
MoveNorth;(28, 28);0;0;;(1, 1);0;0;1;43
MoveNorth;(28, 28);0;0;;(1, 1);0;0;1;44
MoveNorth;(28, 28);0;0;;(1, 1);0;0;1;45
MoveNorth;(28, 28);0;0;;(1, 1);0;0;1;46
MoveNorth;(28, 27);0;0;;(1, 1);0;0;1;47
MoveNorth;(28, 27);0;0;;(1, 1);0;0;1;48
MoveNorth;(28, 27);0;0;MoveWest;(1, 1);0;0;1;49
MoveNorth;(28, 27);0;0;MoveWest;(1, 1);0;0;1;50
MoveNorth;(28, 27);0;0;;(1, 1);0;0;1;51
MoveNorth;(28, 27);0;0;MoveWest;(1, 1);0;0;1;52
MoveNorth;(28, 26);0;0;MoveWest;(1, 1);0;0;1;53
MoveNorth;(28, 26);0;0;;(1, 1);0;0;1;54
MoveNorth;(28, 26);0;0;MoveWest;(1, 1);0;0;1;55
MoveNorth;(28, 26);0;0;MoveWest;(1, 1);0;0;1;56
MoveNorth;(28, 26);0;0;;(1, 1);0;0;1;57
MoveNorth;(28, 26);0;0;;(1, 1);0;0;1;58
MoveNorth;(28, 25);0;0;;(1, 1);0;0;1;59
MoveNorth;(28, 25);0;0;;(1, 1);0;0;1;60
MoveNorth;(28, 25);0;0;;(1, 1);0;0;1;61
MoveNorth;(28, 25);0;0;;(1, 1);0;0;1;62
MoveNorth;(28, 25);0;0;;(1, 1);0;0;1;63
MoveNorth;(28, 25);0;0;;(1, 1);0;0;1;64
MoveNorth;(28, 24);0;0;;(1, 1);0;0;1;65
MoveNorth;(28, 24);0;0;;(1, 1);0;0;1;66
MoveNorth;(28, 24);0;0;;(1, 1);0;0;1;67
MoveNorth;(28, 24);0;0;;(1, 1);0;0;1;68
MoveNorth;(28, 24);0;0;MoveSouth;(1, 1);0;0;1;69
MoveNorth;(28, 24);0;0;MoveSouth;(1, 2);0;0;1;70
MoveNorth;(28, 23);0;0;;(1, 2);0;0;1;71
MoveNorthWest;(28, 23);0;0;MoveSouth;(1, 2);0;0;1;72
MoveNorthWest;(28, 23);0;0;MoveSouth;(1, 3);0;0;1;73
MoveNorthWest;(28, 23);0;0;MoveSouth;(1, 3);0;0;1;74
MoveNorthWest;(28, 23);0;0;MoveSouth;(1, 4);0;0;1;75
MoveNorthWest;(28, 23);0;0;;(1, 4);0;0;1;76
MoveNorthWest;(27, 22);0;0;MoveEast;(1, 4);0;0;1;77
MoveNorth;(27, 22);0;0;MoveEast;(2, 4);0;0;1;78
MoveNorth;(27, 22);0;0;;(2, 4);0;0;1;79
MoveNorth;(27, 22);0;0;;(2, 4);0;0;1;80
MoveNorth;(27, 22);0;0;;(2, 4);0;0;1;81
MoveNorth;(27, 22);0;0;MoveSouth;(2, 4);0;0;1;82
MoveNorth;(27, 21);0;0;MoveSouth;(2, 5);0;0;1;83
;(27, 21);0;0;;(2, 5);0;0;1;84
;(27, 21);0;0;MoveSouth;(2, 5);0;0;1;85
;(27, 21);0;0;MoveSouth;(2, 6);0;0;1;86
;(27, 21);0;0;;(2, 6);0;0;1;87
;(27, 21);0;0;MoveEast;(2, 6);0;0;1;88
;(27, 21);0;0;MoveEast;(3, 6);0;0;1;89
;(27, 21);0;0;;(3, 6);0;0;1;90
;(27, 21);0;0;;(3, 6);0;0;1;91
;(27, 21);0;0;MoveEast;(3, 6);0;0;1;92
;(27, 21);0;0;MoveEast;(4, 6);0;0;1;93
;(27, 21);0;0;;(4, 6);0;0;1;94
;(27, 21);0;0;MoveEast;(4, 6);0;0;1;95
;(27, 21);0;0;MoveEast;(5, 6);0;0;1;96
;(27, 21);0;0;MoveEast;(5, 6);0;0;1;97
;(27, 21);0;0;MoveEast;(6, 6);0;0;1;98
;(27, 21);0;0;;(6, 6);0;0;1;99
;(27, 21);0;0;MoveEast;(6, 6);0;0;1;100
;(27, 21);0;0;MoveEast;(7, 6);0;0;1;101
;(27, 21);0;0;MoveEast;(7, 6);0;0;1;102
;(27, 21);0;0;MoveEast;(8, 6);0;0;1;103
;(27, 21);0;0;;(8, 6);0;0;1;104
;(27, 21);0;0;;(8, 6);0;0;1;105
;(27, 21);0;0;;(8, 6);0;0;1;106
;(27, 21);0;0;;(8, 6);0;0;1;107
;(27, 21);0;0;;(8, 6);0;0;1;108
;(27, 21);0;0;;(8, 6);0;0;1;109
;(27, 21);0;0;;(8, 6);0;0;1;110
;(27, 21);0;0;;(8, 6);0;0;1;111
;(27, 21);0;0;;(8, 6);0;0;1;112
;(27, 21);0;0;;(8, 6);0;0;1;113
;(27, 21);0;0;;(8, 6);0;0;1;114
;(27, 21);0;0;;(8, 6);0;0;1;115
;(27, 21);0;0;;(8, 6);0;0;1;116
;(27, 21);0;0;;(8, 6);0;0;1;117
;(27, 21);0;0;;(8, 6);0;0;1;118
;(27, 21);0;0;;(8, 6);0;0;1;119
;(27, 21);0;0;;(8, 6);0;0;1;120
;(27, 21);0;0;;(8, 6);0;0;1;121
;(27, 21);0;0;;(8, 6);0;0;1;122
;(27, 21);0;0;;(8, 6);0;0;1;123
;(27, 21);0;0;;(8, 6);0;0;1;124
;(27, 21);0;0;;(8, 6);0;0;1;125
;(27, 21);0;0;;(8, 6);0;0;1;126
;(27, 21);0;0;;(8, 6);0;0;1;127
;(27, 21);0;0;;(8, 6);0;0;1;128
;(27, 21);0;0;;(8, 6);0;0;1;129
;(27, 21);0;0;;(8, 6);0;0;1;130
;(27, 21);0;0;;(8, 6);0;0;1;131
MoveNorth;(27, 21);0;0;;(8, 6);0;0;1;132
MoveNorth;(27, 21);0;0;;(8, 6);0;0;1;133
MoveNorth;(27, 21);0;0;;(8, 6);0;0;1;134
MoveNorth;(27, 21);0;0;;(8, 6);0;0;1;135
MoveNorth;(27, 21);0;0;;(8, 6);0;0;1;136
MoveNorth;(27, 20);0;0;;(8, 6);0;0;1;137
MoveNorth;(27, 20);0;0;;(8, 6);0;0;1;138
MoveNorth;(27, 20);0;0;;(8, 6);0;0;1;139
MoveNorth;(27, 20);0;0;;(8, 6);0;0;1;140
MoveNorth;(27, 20);0;0;;(8, 6);0;0;1;141
MoveNorth;(27, 20);0;0;;(8, 6);0;0;1;142
MoveNorth;(27, 19);0;0;;(8, 6);0;0;1;143
MoveNorthWest;(27, 19);0;0;;(8, 6);0;0;1;144
MoveNorthWest;(27, 19);0;0;;(8, 6);0;0;1;145
MoveNorthWest;(27, 19);0;0;;(8, 6);0;0;1;146
MoveNorthWest;(27, 19);0;0;;(8, 6);0;0;1;147
MoveNorthWest;(27, 19);0;0;;(8, 6);0;0;1;148
MoveNorthWest;(26, 18);0;0;;(8, 6);0;0;1;149
MoveWest;(26, 18);0;0;;(8, 6);0;0;1;150
MoveWest;(26, 18);0;0;;(8, 6);0;0;1;151
MoveWest;(26, 18);0;0;;(8, 6);0;0;1;152
MoveWest;(26, 18);0;0;;(8, 6);0;0;1;153
MoveWest;(26, 18);0;0;;(8, 6);0;0;1;154
MoveWest;(25, 18);0;0;;(8, 6);0;0;1;155
MoveWest;(25, 18);0;0;;(8, 6);0;0;1;156
MoveWest;(25, 18);0;0;;(8, 6);0;0;1;157
MoveWest;(25, 18);0;0;;(8, 6);0;0;1;158
MoveWest;(25, 18);0;0;;(8, 6);0;0;1;159
MoveWest;(25, 18);0;0;;(8, 6);0;0;1;160
MoveWest;(24, 18);0;0;;(8, 6);0;0;1;161
MoveWest;(24, 18);0;0;;(8, 6);0;0;1;162
MoveWest;(24, 18);0;0;;(8, 6);0;0;1;163
MoveWest;(24, 18);0;0;;(8, 6);0;0;1;164
MoveWest;(24, 18);0;0;;(8, 6);0;0;1;165
MoveWest;(24, 18);0;0;;(8, 6);0;0;1;166
MoveWest;(23, 18);0;0;;(8, 6);0;0;1;167
MoveWest;(23, 18);0;0;;(8, 6);0;0;1;168
MoveWest;(23, 18);0;0;;(8, 6);0;0;1;169
MoveWest;(23, 18);0;0;;(8, 6);0;0;1;170
MoveWest;(23, 18);0;0;;(8, 6);0;0;1;171
MoveWest;(23, 18);0;0;;(8, 6);0;0;1;172
MoveWest;(22, 18);0;0;;(8, 6);0;0;1;173
MoveNorthWest;(22, 18);0;0;;(8, 6);0;0;1;174
MoveNorthWest;(22, 18);0;0;;(8, 6);0;0;1;175
MoveNorthWest;(22, 18);0;0;;(8, 6);0;0;1;176
MoveNorthWest;(22, 18);0;0;;(8, 6);0;0;1;177
MoveNorthWest;(22, 18);0;0;;(8, 6);0;0;1;178
MoveNorthWest;(21, 17);0;0;;(8, 6);0;0;1;179
MoveNorthWest;(21, 17);0;0;;(8, 6);0;0;1;180
MoveNorthWest;(21, 17);0;0;;(8, 6);0;0;1;181
MoveNorthWest;(21, 17);0;0;;(8, 6);0;0;1;182
MoveNorthWest;(21, 17);0;0;;(8, 6);0;0;1;183
MoveNorthWest;(21, 17);0;0;;(8, 6);0;0;1;184
MoveNorthWest;(20, 16);0;0;;(8, 6);0;0;1;185
MoveNorth;(20, 16);0;0;;(8, 6);0;0;1;186
MoveNorth;(20, 16);0;0;;(8, 6);0;0;1;187
MoveNorth;(20, 16);0;0;;(8, 6);0;0;1;188
MoveNorth;(20, 16);0;0;;(8, 6);0;0;1;189
MoveNorth;(20, 16);0;0;;(8, 6);0;0;1;190
MoveNorth;(20, 15);0;0;;(8, 6);0;0;1;191
MoveNorth;(20, 15);0;0;;(8, 6);0;0;1;192
MoveNorth;(20, 15);0;0;;(8, 6);0;0;1;193
MoveNorth;(20, 15);0;0;;(8, 6);0;0;1;194
MoveNorth;(20, 15);0;0;;(8, 6);0;0;1;195
MoveNorth;(20, 15);0;0;;(8, 6);0;0;1;196
MoveNorth;(20, 14);0;0;;(8, 6);0;0;1;197
MoveNorth;(20, 14);0;0;;(8, 6);0;0;1;198
MoveNorth;(20, 14);0;0;;(8, 6);0;0;1;199
MoveNorth;(20, 14);0;0;;(8, 6);0;0;1;200
MoveNorth;(20, 14);0;0;;(8, 6);0;0;1;201
MoveNorth;(20, 14);0;0;;(8, 6);0;0;1;202
MoveNorth;(20, 13);0;0;;(8, 6);0;0;1;203
MoveNorthWest;(20, 13);0;0;;(8, 6);0;0;1;204
MoveNorthWest;(20, 13);0;0;;(8, 6);0;0;1;205
MoveNorthWest;(20, 13);0;0;;(8, 6);0;0;1;206
MoveNorthWest;(20, 13);0;0;;(8, 6);0;0;1;207
MoveNorthWest;(20, 13);0;0;;(8, 6);0;0;1;208
MoveNorthWest;(19, 12);0;0;;(8, 6);0;0;1;209
MoveNorthWest;(19, 12);0;0;;(8, 6);0;0;1;210
MoveNorthWest;(19, 12);0;0;;(8, 6);0;0;1;211
MoveNorthWest;(19, 12);0;0;;(8, 6);0;0;1;212
MoveNorthWest;(19, 12);0;0;;(8, 6);0;0;1;213
MoveNorthWest;(19, 12);0;0;;(8, 6);0;0;1;214
MoveNorthWest;(18, 11);0;0;;(8, 6);0;0;1;215
MoveWest;(18, 11);0;0;;(8, 6);0;0;1;216
MoveWest;(18, 11);0;0;;(8, 6);0;0;1;217
MoveWest;(18, 11);0;0;;(8, 6);0;0;1;218
MoveWest;(18, 11);0;0;;(8, 6);0;0;1;219
MoveWest;(18, 11);0;0;;(8, 6);0;0;1;220
MoveWest;(17, 11);0;0;;(8, 6);0;0;1;221
MoveWest;(17, 11);0;0;;(8, 6);0;0;1;222
MoveWest;(17, 11);0;0;;(8, 6);0;0;1;223
MoveWest;(17, 11);0;0;;(8, 6);0;0;1;224
MoveWest;(17, 11);0;0;;(8, 6);0;0;1;225
MoveWest;(17, 11);0;0;;(8, 6);0;0;1;226
MoveWest;(16, 11);0;0;;(8, 6);0;0;1;227
MoveNorthWest;(16, 11);0;0;;(8, 6);0;0;1;228
MoveNorthWest;(16, 11);0;0;;(8, 6);0;0;1;229
MoveNorthWest;(16, 11);0;0;;(8, 6);0;0;1;230
MoveNorthWest;(16, 11);0;0;;(8, 6);0;0;1;231
MoveNorthWest;(16, 11);0;0;;(8, 6);0;0;1;232
MoveNorthWest;(15, 10);0;0;;(8, 6);0;0;1;233
MoveNorth;(15, 10);0;0;;(8, 6);0;0;1;234
MoveNorth;(15, 10);0;0;;(8, 6);0;0;1;235
MoveNorth;(15, 10);0;0;;(8, 6);0;0;1;236
MoveNorth;(15, 10);0;0;;(8, 6);0;0;1;237
MoveNorth;(15, 10);0;0;;(8, 6);0;0;1;238
MoveNorth;(15, 9);0;0;;(8, 6);0;0;1;239
MoveNorth;(15, 9);0;0;;(8, 6);0;0;1;240
MoveNorth;(15, 9);0;0;;(8, 6);0;0;1;241
MoveNorth;(15, 9);0;0;;(8, 6);0;0;1;242
MoveNorth;(15, 9);0;0;;(8, 6);0;0;1;243
MoveNorth;(15, 9);0;0;;(8, 6);0;0;1;244
MoveNorth;(15, 8);0;0;;(8, 6);0;0;1;245
MoveNorthWest;(15, 8);0;0;;(8, 6);0;0;1;246
MoveNorthWest;(15, 8);0;0;;(8, 6);0;0;1;247
MoveNorthWest;(15, 8);0;0;;(8, 6);0;0;1;248
MoveNorthWest;(15, 8);0;0;;(8, 6);0;0;1;249
MoveNorthWest;(15, 8);0;0;;(8, 6);0;0;1;250
MoveNorthWest;(14, 7);0;0;;(8, 6);0;0;1;251
MoveWest;(14, 7);0;0;;(8, 6);0;0;1;252
MoveWest;(14, 7);0;0;;(8, 6);0;0;1;253
MoveWest;(14, 7);0;0;;(8, 6);0;0;1;254
MoveWest;(14, 7);0;0;;(8, 6);0;0;1;255
MoveWest;(14, 7);0;0;;(8, 6);0;0;1;256
MoveWest;(13, 7);0;0;;(8, 6);0;0;1;257
MoveWest;(13, 7);0;0;;(8, 6);0;0;1;258
MoveWest;(13, 7);0;0;;(8, 6);0;0;1;259
MoveWest;(13, 7);0;0;;(8, 6);0;0;1;260
MoveWest;(13, 7);0;0;;(8, 6);0;0;1;261
MoveWest;(13, 7);0;0;;(8, 6);0;0;1;262
MoveWest;(12, 7);0;0;;(8, 6);0;0;1;263
MoveWest;(12, 7);0;0;;(8, 6);0;0;1;264
MoveWest;(12, 7);0;0;;(8, 6);0;0;1;265
MoveWest;(12, 7);0;0;;(8, 6);0;0;1;266
MoveWest;(12, 7);0;0;;(8, 6);0;0;1;267
MoveWest;(12, 7);0;0;;(8, 6);0;0;1;268
MoveWest;(11, 7);0;0;;(8, 6);0;0;1;269
MoveWest;(11, 7);0;0;;(8, 6);0;0;1;270
MoveWest;(11, 7);0;0;;(8, 6);0;0;1;271
MoveWest;(11, 7);0;0;;(8, 6);0;0;1;272
MoveWest;(11, 7);0;0;;(8, 6);0;0;1;273
MoveWest;(11, 7);0;0;;(8, 6);0;0;1;274
MoveWest;(10, 7);0;0;;(8, 6);0;0;1;275
MoveNorthWest;(10, 7);0;0;;(8, 6);0;0;1;276
MoveNorthWest;(10, 7);0;0;;(8, 6);0;0;1;277
MoveNorthWest;(10, 7);0;0;;(8, 6);0;0;1;278
MoveNorthWest;(10, 7);0;0;;(8, 6);0;0;1;279
MoveNorthWest;(10, 7);0;0;;(8, 6);0;0;1;280
MoveNorthWest;(9, 6);0;0;;(8, 6);0;0;1;281
MoveWest;(9, 6);0;0;;(8, 6);0;0;1;282
MoveWest;(9, 6);0;0;;(8, 6);0;0;1;283
MoveWest;(9, 6);0;0;;(8, 6);0;0;1;284
MoveWest;(9, 6);0;0;;(8, 6);0;0;1;285
MoveWest;(9, 6);0;0;;(8, 6);0;0;1;286
MoveWest;(8, 6);0;0;;(8, 6);0;0;1;287
;(8, 6);0;0;;(8, 6);0;0;1;288
MoveEast;(8, 6);0;0;;(8, 6);0;0;1;289
MoveEast;(8, 6);0;0;;(8, 6);0;0;1;290
MoveEast;(8, 6);0;0;;(8, 6);0;0;1;291
MoveEast;(8, 6);0;0;;(8, 6);0;0;1;292
MoveEast;(8, 6);0;0;;(8, 6);0;0;1;293
MoveEast;(9, 6);0;0;;(8, 6);0;0;1;294
MoveSouthEast;(9, 6);0;0;;(8, 6);0;0;1;295
MoveSouthEast;(9, 6);0;0;;(8, 6);0;0;1;296
MoveSouthEast;(9, 6);0;0;;(8, 6);0;0;1;297
MoveSouthEast;(9, 6);0;0;;(8, 6);0;0;1;298
MoveSouthEast;(9, 6);0;0;;(8, 6);0;0;1;299
MoveSouthEast;(10, 7);0;0;;(8, 6);0;0;1;300
MoveEast;(10, 7);0;0;;(8, 6);0;0;1;301
MoveEast;(10, 7);0;0;;(8, 6);0;0;1;302
MoveEast;(10, 7);0;0;;(8, 6);0;0;1;303
MoveEast;(10, 7);0;0;;(8, 6);0;0;1;304
MoveEast;(10, 7);0;0;;(8, 6);0;0;1;305
MoveEast;(11, 7);0;0;;(8, 6);0;0;1;306
MoveEast;(11, 7);0;0;;(8, 6);0;0;1;307
MoveEast;(11, 7);0;0;;(8, 6);0;0;1;308
MoveEast;(11, 7);0;0;;(8, 6);0;0;1;309
MoveEast;(11, 7);0;0;;(8, 6);0;0;1;310
MoveEast;(11, 7);0;0;;(8, 6);0;0;1;311
MoveEast;(12, 7);0;0;;(8, 6);0;0;1;312
MoveEast;(12, 7);0;0;;(8, 6);0;0;1;313
MoveEast;(12, 7);0;0;;(8, 6);0;0;1;314
MoveEast;(12, 7);0;0;;(8, 6);0;0;1;315
MoveEast;(12, 7);0;0;;(8, 6);0;0;1;316
MoveEast;(12, 7);0;0;;(8, 6);0;0;1;317
MoveEast;(13, 7);0;0;;(8, 6);0;0;1;318
;(13, 7);0;0;;(8, 6);0;0;1;319
;(13, 7);0;0;;(8, 6);0;0;1;320
;(13, 7);0;0;;(8, 6);0;0;1;321
;(13, 7);0;0;;(8, 6);0;0;1;322
;(13, 7);0;0;;(8, 6);0;0;1;323
;(13, 7);0;0;;(8, 6);0;0;1;324
;(13, 7);0;0;;(8, 6);0;0;1;325
;(13, 7);0;0;;(8, 6);0;0;1;326
;(13, 7);0;0;;(8, 6);0;0;1;327
;(13, 7);0;0;;(8, 6);0;0;1;328
;(13, 7);0;0;;(8, 6);0;0;1;329
;(13, 7);0;0;;(8, 6);0;0;1;330
;(13, 7);0;0;;(8, 6);0;0;1;331
;(13, 7);0;0;;(8, 6);0;0;1;332
;(13, 7);0;0;;(8, 6);0;0;1;333
;(13, 7);0;0;;(8, 6);0;0;1;334
;(13, 7);0;0;;(8, 6);0;0;1;335
;(13, 7);0;0;;(8, 6);0;0;1;336
;(13, 7);0;0;;(8, 6);0;0;1;337
;(13, 7);0;0;;(8, 6);0;0;1;338
;(13, 7);0;0;;(8, 6);0;0;1;339
;(13, 7);0;0;;(8, 6);0;0;1;340
;(13, 7);0;0;;(8, 6);0;0;1;341
;(13, 7);0;0;;(8, 6);0;0;1;342
;(13, 7);0;0;;(8, 6);0;0;1;343
;(13, 7);0;0;;(8, 6);0;0;1;344
;(13, 7);0;0;;(8, 6);0;0;1;345
;(13, 7);0;0;MoveEast;(8, 6);0;0;1;346
;(13, 7);0;0;MoveEast;(9, 6);0;0;1;347
;(13, 7);0;0;;(9, 6);0;0;1;348
;(13, 7);0;0;;(9, 6);0;0;1;349
;(13, 7);0;0;MoveEast;(9, 6);0;0;1;350
;(13, 7);0;0;MoveEast;(10, 6);0;0;1;351
;(13, 7);0;0;;(10, 6);0;0;1;352
;(13, 7);0;0;;(10, 6);0;0;1;353
;(13, 7);0;0;;(10, 6);0;0;1;354
;(13, 7);0;0;;(10, 6);0;0;1;355
;(13, 7);0;0;;(10, 6);0;0;1;356
;(13, 7);0;0;;(10, 6);0;0;1;357
;(13, 7);0;0;;(10, 6);0;0;1;358
;(13, 7);0;0;;(10, 6);0;0;1;359
;(13, 7);0;0;;(10, 6);0;0;1;360
;(13, 7);0;0;MoveSouth;(10, 6);0;0;1;361
;(13, 7);0;0;MoveSouth;(10, 7);0;0;1;362
;(13, 7);0;0;;(10, 7);0;0;1;363
;(13, 7);0;0;MoveEast;(10, 7);0;0;1;364
;(13, 7);0;0;MoveEast;(11, 7);0;0;1;365
;(13, 7);0;0;;(11, 7);0;0;1;366
;(13, 7);0;0;;(11, 7);0;0;1;367
;(13, 7);0;0;MoveEast;(11, 7);0;0;1;368
;(13, 7);0;0;MoveEast;(12, 7);0;0;1;369
;(13, 7);0;0;;(12, 7);0;0;1;370
;(13, 7);0;0;MoveEast;(12, 7);0;0;1;371
;(13, 7);0;0;MoveEast;(13, 7);0;0;1;372
;(13, 7);0;0;;(13, 7);0;0;1;373
;(13, 7);0;0;;(13, 7);0;0;1;374
;(13, 7);0;0;;(13, 7);0;0;1;375
;(13, 7);0;0;;(13, 7);0;0;1;376
;(13, 7);0;0;;(13, 7);0;0;1;377
;(13, 7);0;0;;(13, 7);0;0;1;378
;(13, 7);0;0;;(13, 7);0;0;1;379
;(13, 7);0;0;;(13, 7);0;0;1;380
;(13, 7);0;0;;(13, 7);0;0;1;381
;(13, 7);0;0;;(13, 7);0;0;1;382
;(13, 7);0;0;MoveWest;(13, 7);0;0;1;383
;(13, 7);0;0;MoveWest;(12, 7);0;0;1;384
;(13, 7);0;0;MoveWest;(12, 7);0;0;1;385
;(13, 7);0;0;MoveWest;(11, 7);0;0;1;386
;(13, 7);0;0;;(11, 7);0;0;1;387
;(13, 7);0;0;MoveWest;(11, 7);0;0;1;388
;(13, 7);0;0;MoveWest;(10, 7);0;0;1;389
;(13, 7);0;0;;(10, 7);0;0;1;390
;(13, 7);0;0;MoveWest;(10, 7);0;0;1;391
;(13, 7);0;0;MoveWest;(10, 7);0;0;1;392
;(13, 7);0;0;;(10, 7);0;0;1;393
;(13, 7);0;0;;(10, 7);0;0;1;394
;(13, 7);0;0;MoveNorth;(10, 7);0;0;1;395
;(13, 7);0;0;MoveNorth;(10, 6);0;0;1;396
;(13, 7);0;0;;(10, 6);0;0;1;397
;(13, 7);0;0;;(10, 6);0;0;1;398
;(13, 7);0;0;;(10, 6);0;0;1;399
;(13, 7);0;0;;(10, 6);0;0;1;400
;(13, 7);0;0;;(10, 6);0;0;1;401
;(13, 7);0;0;MoveWest;(10, 6);0;0;1;402
;(13, 7);0;0;MoveWest;(9, 6);0;0;1;403
;(13, 7);0;0;;(9, 6);0;0;1;404
;(13, 7);0;0;MoveWest;(9, 6);0;0;1;405
;(13, 7);0;0;MoveWest;(8, 6);0;0;1;406
;(13, 7);0;0;;(8, 6);0;0;1;407
;(13, 7);0;0;;(8, 6);0;0;1;408
;(13, 7);0;0;;(8, 6);0;0;1;409
;(13, 7);0;0;;(8, 6);0;0;1;410
;(13, 7);0;0;;(8, 6);0;0;1;411
;(13, 7);0;0;;(8, 6);0;0;1;412
;(13, 7);0;0;;(8, 6);0;0;1;413
;(13, 7);0;0;;(8, 6);0;0;1;414
;(13, 7);0;0;;(8, 6);0;0;1;415
;(13, 7);0;0;;(8, 6);0;0;1;416
;(13, 7);0;0;;(8, 6);0;0;1;417
;(13, 7);0;0;;(8, 6);0;0;1;418
;(13, 7);0;0;;(8, 6);0;0;1;419
;(13, 7);0;0;;(8, 6);0;0;1;420
;(13, 7);0;0;;(8, 6);0;0;1;421
;(13, 7);0;0;;(8, 6);0;0;1;422
;(13, 7);0;0;;(8, 6);0;0;1;423
;(13, 7);0;0;;(8, 6);0;0;1;424
;(13, 7);0;0;;(8, 6);0;0;1;425
;(13, 7);0;0;;(8, 6);0;0;1;426
;(13, 7);0;0;;(8, 6);0;0;1;427
;(13, 7);0;0;;(8, 6);0;0;1;428
;(13, 7);0;0;;(8, 6);0;0;1;429
;(13, 7);0;0;;(8, 6);0;0;1;430
;(13, 7);0;0;;(8, 6);0;0;1;431
;(13, 7);0;0;;(8, 6);0;0;1;432
;(13, 7);0;0;;(8, 6);0;0;1;433
;(13, 7);0;0;;(8, 6);0;0;1;434
;(13, 7);0;0;;(8, 6);0;0;1;435
;(13, 7);0;0;;(8, 6);0;0;1;436
;(13, 7);0;0;;(8, 6);0;0;1;437
;(13, 7);0;0;;(8, 6);0;0;1;438
;(13, 7);0;0;;(8, 6);0;0;1;439
;(13, 7);0;0;;(8, 6);0;0;1;440
;(13, 7);0;0;;(8, 6);0;0;1;441
;(13, 7);0;0;;(8, 6);0;0;1;442
;(13, 7);0;0;;(8, 6);0;0;1;443
;(13, 7);0;0;;(8, 6);0;0;1;444
;(13, 7);0;0;;(8, 6);0;0;1;445
;(13, 7);0;0;;(8, 6);0;0;1;446
;(13, 7);0;0;;(8, 6);0;0;1;447
;(13, 7);0;0;;(8, 6);0;0;1;448
;(13, 7);0;0;;(8, 6);0;0;1;449
;(13, 7);0;0;;(8, 6);0;0;1;450
;(13, 7);0;0;;(8, 6);0;0;1;451
;(13, 7);0;0;;(8, 6);0;0;1;452
;(13, 7);0;0;;(8, 6);0;0;1;453
;(13, 7);0;0;;(8, 6);0;0;1;454
;(13, 7);0;0;;(8, 6);0;0;1;455
;(13, 7);0;0;;(8, 6);0;0;1;456
;(13, 7);0;0;;(8, 6);0;0;1;457
;(13, 7);0;0;;(8, 6);0;0;1;458
;(13, 7);0;0;;(8, 6);0;0;1;459
;(13, 7);0;0;;(8, 6);0;0;1;460
;(13, 7);0;0;;(8, 6);0;0;1;461
;(13, 7);0;0;;(8, 6);0;0;1;462
;(13, 7);0;0;;(8, 6);0;0;1;463
;(13, 7);0;0;;(8, 6);0;0;1;464
;(13, 7);0;0;;(8, 6);0;0;1;465
;(13, 7);0;0;;(8, 6);0;0;1;466
;(13, 7);0;0;;(8, 6);0;0;1;467
;(13, 7);0;0;;(8, 6);0;0;1;468
;(13, 7);0;0;;(8, 6);0;0;1;469
;(13, 7);0;0;;(8, 6);0;0;1;470
;(13, 7);0;0;;(8, 6);0;0;1;471
;(13, 7);0;0;;(8, 6);0;0;1;472
;(13, 7);0;0;;(8, 6);0;0;1;473
;(13, 7);0;0;;(8, 6);0;0;1;474
;(13, 7);0;0;;(8, 6);0;0;1;475
;(13, 7);0;0;;(8, 6);0;0;1;476
;(13, 7);0;0;;(8, 6);0;0;1;477
;(13, 7);0;0;;(8, 6);0;0;1;478
;(13, 7);0;0;;(8, 6);0;0;1;479
;(13, 7);0;0;;(8, 6);0;0;1;480
;(13, 7);0;0;;(8, 6);0;0;1;481
;(13, 7);0;0;;(8, 6);0;0;1;482
;(13, 7);0;0;;(8, 6);0;0;1;483
;(13, 7);0;0;;(8, 6);0;0;1;484
;(13, 7);0;0;;(8, 6);0;0;1;485
;(13, 7);0;0;;(8, 6);0;0;1;486
;(13, 7);0;0;;(8, 6);0;0;1;487
;(13, 7);0;0;;(8, 6);0;0;1;488
;(13, 7);0;0;;(8, 6);0;0;1;489
;(13, 7);0;0;;(8, 6);0;0;1;490
;(13, 7);0;0;;(8, 6);0;0;1;491
;(13, 7);0;0;;(8, 6);0;0;1;492
;(13, 7);0;0;;(8, 6);0;0;1;493
;(13, 7);0;0;;(8, 6);0;0;1;494
;(13, 7);0;0;;(8, 6);0;0;1;495
;(13, 7);0;0;;(8, 6);0;0;1;496
;(13, 7);0;0;;(8, 6);0;0;1;497
;(13, 7);0;0;;(8, 6);0;0;1;498
;(13, 7);0;0;;(8, 6);0;0;1;499
;(13, 7);0;0;;(8, 6);0;0;1;500
;(13, 7);0;0;;(8, 6);0;0;1;501
;(13, 7);0;0;;(8, 6);0;0;1;502
;(13, 7);0;0;;(8, 6);0;0;1;503
;(13, 7);0;0;;(8, 6);0;0;1;504
;(13, 7);0;0;;(8, 6);0;0;1;505
;(13, 7);0;0;;(8, 6);0;0;1;506
;(13, 7);0;0;;(8, 6);0;0;1;507
;(13, 7);0;0;;(8, 6);0;0;1;508
;(13, 7);0;0;;(8, 6);0;0;1;509
;(13, 7);0;0;;(8, 6);0;0;1;510
;(13, 7);0;0;;(8, 6);0;0;1;511
;(13, 7);0;0;;(8, 6);0;0;1;512
;(13, 7);0;0;;(8, 6);0;0;1;513
;(13, 7);0;0;;(8, 6);0;0;1;514
;(13, 7);0;0;;(8, 6);0;0;1;515
;(13, 7);0;0;;(8, 6);0;0;1;516
;(13, 7);0;0;;(8, 6);0;0;1;517
;(13, 7);0;0;;(8, 6);0;0;1;518
;(13, 7);0;0;;(8, 6);0;0;1;519
;(13, 7);0;0;;(8, 6);0;0;1;520
;(13, 7);0;0;;(8, 6);0;0;1;521
;(13, 7);0;0;;(8, 6);0;0;1;522
;(13, 7);0;0;;(8, 6);0;0;1;523
;(13, 7);0;0;;(8, 6);0;0;1;524
;(13, 7);0;0;;(8, 6);0;0;1;525
;(13, 7);0;0;;(8, 6);0;0;1;526
;(13, 7);0;0;;(8, 6);0;0;1;527
;(13, 7);0;0;;(8, 6);0;0;1;528
;(13, 7);0;0;;(8, 6);0;0;1;529
;(13, 7);0;0;;(8, 6);0;0;1;530
;(13, 7);0;0;;(8, 6);0;0;1;531
;(13, 7);0;0;;(8, 6);0;0;1;532
;(13, 7);0;0;;(8, 6);0;0;1;533
;(13, 7);0;0;;(8, 6);0;0;1;534
;(13, 7);0;0;;(8, 6);0;0;1;535
;(13, 7);0;0;;(8, 6);0;0;1;536
;(13, 7);0;0;;(8, 6);0;0;1;537
;(13, 7);0;0;;(8, 6);0;0;1;538
;(13, 7);0;0;;(8, 6);0;0;1;539
;(13, 7);0;0;;(8, 6);0;0;1;540
;(13, 7);0;0;;(8, 6);0;0;1;541
;(13, 7);0;0;;(8, 6);0;0;1;542
;(13, 7);0;0;;(8, 6);0;0;1;543
;(13, 7);0;0;;(8, 6);0;0;1;544
;(13, 7);0;0;;(8, 6);0;0;1;545
;(13, 7);0;0;;(8, 6);0;0;1;546
;(13, 7);0;0;;(8, 6);0;0;1;547
;(13, 7);0;0;;(8, 6);0;0;1;548
;(13, 7);0;0;;(8, 6);0;0;1;549
;(13, 7);0;0;;(8, 6);0;0;1;550
;(13, 7);0;0;;(8, 6);0;0;1;551
;(13, 7);0;0;;(8, 6);0;0;1;552
;(13, 7);0;0;;(8, 6);0;0;1;553
;(13, 7);0;0;;(8, 6);0;0;1;554
;(13, 7);0;0;;(8, 6);0;0;1;555
;(13, 7);0;0;;(8, 6);0;0;1;556
;(13, 7);0;0;;(8, 6);0;0;1;557
;(13, 7);0;0;;(8, 6);0;0;1;558
;(13, 7);0;0;;(8, 6);0;0;1;559
;(13, 7);0;0;;(8, 6);0;0;1;560
;(13, 7);0;0;;(8, 6);0;0;1;561
;(13, 7);0;0;;(8, 6);0;0;1;562
;(13, 7);0;0;;(8, 6);0;0;1;563
;(13, 7);0;0;;(8, 6);0;0;1;564
;(13, 7);0;0;;(8, 6);0;0;1;565
;(13, 7);0;0;;(8, 6);0;0;1;566
;(13, 7);0;0;;(8, 6);0;0;1;567
;(13, 7);0;0;;(8, 6);0;0;1;568
;(13, 7);0;0;;(8, 6);0;0;1;569
;(13, 7);0;0;;(8, 6);0;0;1;570
;(13, 7);0;0;;(8, 6);0;0;1;571
;(13, 7);0;0;;(8, 6);0;0;1;572
;(13, 7);0;0;;(8, 6);0;0;1;573
;(13, 7);0;0;;(8, 6);0;0;1;574
;(13, 7);0;0;;(8, 6);0;0;1;575
;(13, 7);0;0;;(8, 6);0;0;1;576
;(13, 7);0;0;;(8, 6);0;0;1;577
;(13, 7);0;0;;(8, 6);0;0;1;578
;(13, 7);0;0;;(8, 6);0;0;1;579
;(13, 7);0;0;;(8, 6);0;0;1;580
;(13, 7);0;0;;(8, 6);0;0;1;581
;(13, 7);0;0;;(8, 6);0;0;1;582
;(13, 7);0;0;;(8, 6);0;0;1;583
;(13, 7);0;0;;(8, 6);0;0;1;584
;(13, 7);0;0;;(8, 6);0;0;1;585
;(13, 7);0;0;;(8, 6);0;0;1;586
;(13, 7);0;0;;(8, 6);0;0;1;587
;(13, 7);0;0;;(8, 6);0;0;1;588
;(13, 7);0;0;;(8, 6);0;0;1;589
;(13, 7);0;0;;(8, 6);0;0;1;590
;(13, 7);0;0;;(8, 6);0;0;1;591
;(13, 7);0;0;;(8, 6);0;0;1;592
;(13, 7);0;0;;(8, 6);0;0;1;593
;(13, 7);0;0;;(8, 6);0;0;1;594
;(13, 7);0;0;;(8, 6);0;0;1;595
;(13, 7);0;0;;(8, 6);0;0;1;596
;(13, 7);0;0;;(8, 6);0;0;1;597
;(13, 7);0;0;;(8, 6);0;0;1;598
;(13, 7);0;0;;(8, 6);0;0;1;599
;(13, 7);0;0;;(8, 6);0;0;1;600
;(13, 7);0;0;;(8, 6);0;0;1;601
;(13, 7);0;0;;(8, 6);0;0;1;602
;(13, 7);0;0;;(8, 6);0;0;1;603
;(13, 7);0;0;;(8, 6);0;0;1;604
;(13, 7);0;0;;(8, 6);0;0;1;605
;(13, 7);0;0;;(8, 6);0;0;1;606
;(13, 7);0;0;;(8, 6);0;0;1;607
;(13, 7);0;0;;(8, 6);0;0;1;608
;(13, 7);0;0;;(8, 6);0;0;1;609
;(13, 7);0;0;;(8, 6);0;0;1;610
;(13, 7);0;0;;(8, 6);0;0;1;611
;(13, 7);0;0;;(8, 6);0;0;1;612
;(13, 7);0;0;;(8, 6);0;0;1;613
;(13, 7);0;0;;(8, 6);0;0;1;614
;(13, 7);0;0;;(8, 6);0;0;1;615
;(13, 7);0;0;;(8, 6);0;0;1;616
;(13, 7);0;0;;(8, 6);0;0;1;617
;(13, 7);0;0;;(8, 6);0;0;1;618
;(13, 7);0;0;;(8, 6);0;0;1;619
;(13, 7);0;0;;(8, 6);0;0;1;620
;(13, 7);0;0;;(8, 6);0;0;1;621
;(13, 7);0;0;;(8, 6);0;0;1;622
;(13, 7);0;0;;(8, 6);0;0;1;623
;(13, 7);0;0;;(8, 6);0;0;1;624
;(13, 7);0;0;;(8, 6);0;0;1;625
;(13, 7);0;0;;(8, 6);0;0;1;626
;(13, 7);0;0;;(8, 6);0;0;1;627
;(13, 7);0;0;;(8, 6);0;0;1;628
;(13, 7);0;0;;(8, 6);0;0;1;629
;(13, 7);0;0;;(8, 6);0;0;1;630
;(13, 7);0;0;;(8, 6);0;0;1;631
;(13, 7);0;0;;(8, 6);0;0;1;632
;(13, 7);0;0;;(8, 6);0;0;1;633
;(13, 7);0;0;;(8, 6);0;0;1;634
;(13, 7);0;0;;(8, 6);0;0;1;635
;(13, 7);0;0;;(8, 6);0;0;1;636
;(13, 7);0;0;;(8, 6);0;0;1;637
;(13, 7);0;0;;(8, 6);0;0;1;638
;(13, 7);0;0;;(8, 6);0;0;1;639
;(13, 7);0;0;;(8, 6);0;0;1;640
;(13, 7);0;0;;(8, 6);0;0;1;641
;(13, 7);0;0;;(8, 6);0;0;1;642
;(13, 7);0;0;;(8, 6);0;0;1;643
;(13, 7);0;0;;(8, 6);0;0;1;644
;(13, 7);0;0;;(8, 6);0;0;1;645
;(13, 7);0;0;;(8, 6);0;0;1;646
;(13, 7);0;0;;(8, 6);0;0;1;647
;(13, 7);0;0;;(8, 6);0;0;1;648
;(13, 7);0;0;;(8, 6);0;0;1;649
;(13, 7);0;0;;(8, 6);0;0;1;650
;(13, 7);0;0;;(8, 6);0;0;1;651
;(13, 7);0;0;;(8, 6);0;0;1;652
;(13, 7);0;0;;(8, 6);0;0;1;653
;(13, 7);0;0;;(8, 6);0;0;1;654
;(13, 7);0;0;;(8, 6);0;0;1;655
;(13, 7);0;0;;(8, 6);0;0;1;656
;(13, 7);0;0;;(8, 6);0;0;1;657
;(13, 7);0;0;;(8, 6);0;0;1;658
;(13, 7);0;0;;(8, 6);0;0;1;659
;(13, 7);0;0;;(8, 6);0;0;1;660
;(13, 7);0;0;;(8, 6);0;0;1;661
;(13, 7);0;0;;(8, 6);0;0;1;662
;(13, 7);0;0;;(8, 6);0;0;1;663
;(13, 7);0;0;;(8, 6);0;0;1;664
;(13, 7);0;0;;(8, 6);0;0;1;665
;(13, 7);0;0;;(8, 6);0;0;1;666
;(13, 7);0;0;;(8, 6);0;0;1;667
;(13, 7);0;0;;(8, 6);0;0;1;668
;(13, 7);0;0;;(8, 6);0;0;1;669
;(13, 7);0;0;;(8, 6);0;0;1;670
;(13, 7);0;0;;(8, 6);0;0;1;671
;(13, 7);0;0;;(8, 6);0;0;1;672
;(13, 7);0;0;;(8, 6);0;0;1;673
;(13, 7);0;0;;(8, 6);0;0;1;674
;(13, 7);0;0;;(8, 6);0;0;1;675
;(13, 7);0;0;;(8, 6);0;0;1;676
;(13, 7);0;0;;(8, 6);0;0;1;677
;(13, 7);0;0;;(8, 6);0;0;1;678
;(13, 7);0;0;;(8, 6);0;0;1;679
;(13, 7);0;0;;(8, 6);0;0;1;680
;(13, 7);0;0;;(8, 6);0;0;1;681
;(13, 7);0;0;;(8, 6);0;0;1;682
;(13, 7);0;0;;(8, 6);0;0;1;683
;(13, 7);0;0;;(8, 6);0;0;1;684
;(13, 7);0;0;;(8, 6);0;0;1;685
;(13, 7);0;0;;(8, 6);0;0;1;686
;(13, 7);0;0;;(8, 6);0;0;1;687
;(13, 7);0;0;;(8, 6);0;0;1;688
;(13, 7);0;0;;(8, 6);0;0;1;689
;(13, 7);0;0;;(8, 6);0;0;1;690
;(13, 7);0;0;;(8, 6);0;0;1;691
;(13, 7);0;0;;(8, 6);0;0;1;692
;(13, 7);0;0;;(8, 6);0;0;1;693
;(13, 7);0;0;;(8, 6);0;0;1;694
;(13, 7);0;0;;(8, 6);0;0;1;695
;(13, 7);0;0;;(8, 6);0;0;1;696
;(13, 7);0;0;;(8, 6);0;0;1;697
;(13, 7);0;0;;(8, 6);0;0;1;698
;(13, 7);0;0;;(8, 6);0;0;1;699
;(13, 7);0;0;;(8, 6);0;0;1;700
;(13, 7);0;0;;(8, 6);0;0;1;701
;(13, 7);0;0;;(8, 6);0;0;1;702
;(13, 7);0;0;;(8, 6);0;0;1;703
;(13, 7);0;0;;(8, 6);0;0;1;704
;(13, 7);0;0;;(8, 6);0;0;1;705
;(13, 7);0;0;;(8, 6);0;0;1;706
;(13, 7);0;0;;(8, 6);0;0;1;707
;(13, 7);0;0;;(8, 6);0;0;1;708
;(13, 7);0;0;;(8, 6);0;0;1;709
;(13, 7);0;0;;(8, 6);0;0;1;710
;(13, 7);0;0;;(8, 6);0;0;1;711
;(13, 7);0;0;;(8, 6);0;0;1;712
;(13, 7);0;0;;(8, 6);0;0;1;713
;(13, 7);0;0;;(8, 6);0;0;1;714
;(13, 7);0;0;;(8, 6);0;0;1;715
;(13, 7);0;0;;(8, 6);0;0;1;716
;(13, 7);0;0;;(8, 6);0;0;1;717
;(13, 7);0;0;;(8, 6);0;0;1;718
;(13, 7);0;0;;(8, 6);0;0;1;719
;(13, 7);0;0;;(8, 6);0;0;1;720
;(13, 7);0;0;;(8, 6);0;0;1;721
;(13, 7);0;0;;(8, 6);0;0;1;722
;(13, 7);0;0;;(8, 6);0;0;1;723
;(13, 7);0;0;;(8, 6);0;0;1;724
;(13, 7);0;0;;(8, 6);0;0;1;725
;(13, 7);0;0;;(8, 6);0;0;1;726
;(13, 7);0;0;;(8, 6);0;0;1;727
;(13, 7);0;0;;(8, 6);0;0;1;728
;(13, 7);0;0;;(8, 6);0;0;1;729
;(13, 7);0;0;;(8, 6);0;0;1;730
;(13, 7);0;0;;(8, 6);0;0;1;731
;(13, 7);0;0;;(8, 6);0;0;1;732
;(13, 7);0;0;;(8, 6);0;0;1;733
;(13, 7);0;0;;(8, 6);0;0;1;734
;(13, 7);0;0;;(8, 6);0;0;1;735
;(13, 7);0;0;;(8, 6);0;0;1;736
;(13, 7);0;0;;(8, 6);0;0;1;737
;(13, 7);0;0;;(8, 6);0;0;1;738
;(13, 7);0;0;;(8, 6);0;0;1;739
;(13, 7);0;0;;(8, 6);0;0;1;740
;(13, 7);0;0;;(8, 6);0;0;1;741
;(13, 7);0;0;;(8, 6);0;0;1;742
;(13, 7);0;0;;(8, 6);0;0;1;743
;(13, 7);0;0;;(8, 6);0;0;1;744
;(13, 7);0;0;;(8, 6);0;0;1;745
;(13, 7);0;0;;(8, 6);0;0;1;746
;(13, 7);0;0;;(8, 6);0;0;1;747
;(13, 7);0;0;;(8, 6);0;0;1;748
;(13, 7);0;0;;(8, 6);0;0;1;749
;(13, 7);0;0;;(8, 6);0;0;1;750
;(13, 7);0;0;;(8, 6);0;0;1;751
;(13, 7);0;0;;(8, 6);0;0;1;752
;(13, 7);0;0;;(8, 6);0;0;1;753
;(13, 7);0;0;;(8, 6);0;0;1;754
;(13, 7);0;0;;(8, 6);0;0;1;755
;(13, 7);0;0;;(8, 6);0;0;1;756
;(13, 7);0;0;;(8, 6);0;0;1;757
;(13, 7);0;0;;(8, 6);0;0;1;758
;(13, 7);0;0;;(8, 6);0;0;1;759
;(13, 7);0;0;;(8, 6);0;0;1;760
;(13, 7);0;0;;(8, 6);0;0;1;761
;(13, 7);0;0;;(8, 6);0;0;1;762
;(13, 7);0;0;;(8, 6);0;0;1;763
;(13, 7);0;0;;(8, 6);0;0;1;764
;(13, 7);0;0;;(8, 6);0;0;1;765
;(13, 7);0;0;;(8, 6);0;0;1;766
;(13, 7);0;0;;(8, 6);0;0;1;767
;(13, 7);0;0;;(8, 6);0;0;1;768
;(13, 7);0;0;;(8, 6);0;0;1;769
;(13, 7);0;0;;(8, 6);0;0;1;770
;(13, 7);0;0;;(8, 6);0;0;1;771
;(13, 7);0;0;;(8, 6);0;0;1;772
;(13, 7);0;0;;(8, 6);0;0;1;773
;(13, 7);0;0;;(8, 6);0;0;1;774
;(13, 7);0;0;;(8, 6);0;0;1;775
;(13, 7);0;0;;(8, 6);0;0;1;776
;(13, 7);0;0;;(8, 6);0;0;1;777
;(13, 7);0;0;;(8, 6);0;0;1;778
;(13, 7);0;0;;(8, 6);0;0;1;779
;(13, 7);0;0;;(8, 6);0;0;1;780
;(13, 7);0;0;;(8, 6);0;0;1;781
;(13, 7);0;0;;(8, 6);0;0;1;782
;(13, 7);0;0;;(8, 6);0;0;1;783
;(13, 7);0;0;;(8, 6);0;0;1;784
;(13, 7);0;0;;(8, 6);0;0;1;785
;(13, 7);0;0;;(8, 6);0;0;1;786
;(13, 7);0;0;;(8, 6);0;0;1;787
;(13, 7);0;0;;(8, 6);0;0;1;788
;(13, 7);0;0;;(8, 6);0;0;1;789
;(13, 7);0;0;;(8, 6);0;0;1;790
;(13, 7);0;0;;(8, 6);0;0;1;791
;(13, 7);0;0;;(8, 6);0;0;1;792
;(13, 7);0;0;;(8, 6);0;0;1;793
;(13, 7);0;0;;(8, 6);0;0;1;794
;(13, 7);0;0;;(8, 6);0;0;1;795
;(13, 7);0;0;;(8, 6);0;0;1;796
;(13, 7);0;0;;(8, 6);0;0;1;797
;(13, 7);0;0;;(8, 6);0;0;1;798
;(13, 7);0;0;;(8, 6);0;0;1;799
;(13, 7);0;0;;(8, 6);0;0;1;800
;(13, 7);0;0;;(8, 6);0;0;1;801
;(13, 7);0;0;;(8, 6);0;0;1;802
;(13, 7);0;0;;(8, 6);0;0;1;803
;(13, 7);0;0;;(8, 6);0;0;1;804
;(13, 7);0;0;;(8, 6);0;0;1;805
;(13, 7);0;0;;(8, 6);0;0;1;806
;(13, 7);0;0;;(8, 6);0;0;1;807
;(13, 7);0;0;;(8, 6);0;0;1;808
;(13, 7);0;0;;(8, 6);0;0;1;809
;(13, 7);0;0;;(8, 6);0;0;1;810
;(13, 7);0;0;;(8, 6);0;0;1;811
;(13, 7);0;0;;(8, 6);0;0;1;812
;(13, 7);0;0;;(8, 6);0;0;1;813
;(13, 7);0;0;;(8, 6);0;0;1;814
;(13, 7);0;0;;(8, 6);0;0;1;815
;(13, 7);0;0;;(8, 6);0;0;1;816
;(13, 7);0;0;;(8, 6);0;0;1;817
;(13, 7);0;0;;(8, 6);0;0;1;818
;(13, 7);0;0;;(8, 6);0;0;1;819
;(13, 7);0;0;;(8, 6);0;0;1;820
;(13, 7);0;0;;(8, 6);0;0;1;821
;(13, 7);0;0;;(8, 6);0;0;1;822
;(13, 7);0;0;;(8, 6);0;0;1;823
;(13, 7);0;0;;(8, 6);0;0;1;824
;(13, 7);0;0;;(8, 6);0;0;1;825
;(13, 7);0;0;;(8, 6);0;0;1;826
;(13, 7);0;0;;(8, 6);0;0;1;827
;(13, 7);0;0;;(8, 6);0;0;1;828
;(13, 7);0;0;;(8, 6);0;0;1;829
;(13, 7);0;0;;(8, 6);0;0;1;830
;(13, 7);0;0;;(8, 6);0;0;1;831
;(13, 7);0;0;;(8, 6);0;0;1;832
;(13, 7);0;0;;(8, 6);0;0;1;833
;(13, 7);0;0;;(8, 6);0;0;1;834
;(13, 7);0;0;;(8, 6);0;0;1;835
;(13, 7);0;0;;(8, 6);0;0;1;836
;(13, 7);0;0;;(8, 6);0;0;1;837
;(13, 7);0;0;;(8, 6);0;0;1;838
;(13, 7);0;0;;(8, 6);0;0;1;839
;(13, 7);0;0;;(8, 6);0;0;1;840
;(13, 7);0;0;;(8, 6);0;0;1;841
;(13, 7);0;0;;(8, 6);0;0;1;842
;(13, 7);0;0;;(8, 6);0;0;1;843
;(13, 7);0;0;;(8, 6);0;0;1;844
;(13, 7);0;0;;(8, 6);0;0;1;845
;(13, 7);0;0;;(8, 6);0;0;1;846
;(13, 7);0;0;;(8, 6);0;0;1;847
;(13, 7);0;0;;(8, 6);0;0;1;848
;(13, 7);0;0;;(8, 6);0;0;1;849
;(13, 7);0;0;;(8, 6);0;0;1;850
;(13, 7);0;0;;(8, 6);0;0;1;851
;(13, 7);0;0;;(8, 6);0;0;1;852
;(13, 7);0;0;;(8, 6);0;0;1;853
;(13, 7);0;0;;(8, 6);0;0;1;854
;(13, 7);0;0;;(8, 6);0;0;1;855
;(13, 7);0;0;;(8, 6);0;0;1;856
;(13, 7);0;0;;(8, 6);0;0;1;857
;(13, 7);0;0;;(8, 6);0;0;1;858
;(13, 7);0;0;;(8, 6);0;0;1;859
;(13, 7);0;0;;(8, 6);0;0;1;860
;(13, 7);0;0;;(8, 6);0;0;1;861
;(13, 7);0;0;;(8, 6);0;0;1;862
;(13, 7);0;0;;(8, 6);0;0;1;863
;(13, 7);0;0;;(8, 6);0;0;1;864
;(13, 7);0;0;;(8, 6);0;0;1;865
;(13, 7);0;0;;(8, 6);0;0;1;866
;(13, 7);0;0;;(8, 6);0;0;1;867
;(13, 7);0;0;;(8, 6);0;0;1;868
;(13, 7);0;0;;(8, 6);0;0;1;869
;(13, 7);0;0;;(8, 6);0;0;1;870
;(13, 7);0;0;;(8, 6);0;0;1;871
;(13, 7);0;0;;(8, 6);0;0;1;872
;(13, 7);0;0;;(8, 6);0;0;1;873
;(13, 7);0;0;;(8, 6);0;0;1;874
;(13, 7);0;0;;(8, 6);0;0;1;875
;(13, 7);0;0;;(8, 6);0;0;1;876
;(13, 7);0;0;;(8, 6);0;0;1;877
;(13, 7);0;0;;(8, 6);0;0;1;878
;(13, 7);0;0;;(8, 6);0;0;1;879
;(13, 7);0;0;;(8, 6);0;0;1;880
;(13, 7);0;0;;(8, 6);0;0;1;881
;(13, 7);0;0;;(8, 6);0;0;1;882
;(13, 7);0;0;;(8, 6);0;0;1;883
;(13, 7);0;0;;(8, 6);0;0;1;884
;(13, 7);0;0;;(8, 6);0;0;1;885
;(13, 7);0;0;;(8, 6);0;0;1;886
;(13, 7);0;0;;(8, 6);0;0;1;887
;(13, 7);0;0;;(8, 6);0;0;1;888
;(13, 7);0;0;;(8, 6);0;0;1;889
;(13, 7);0;0;;(8, 6);0;0;1;890
;(13, 7);0;0;;(8, 6);0;0;1;891
;(13, 7);0;0;;(8, 6);0;0;1;892
;(13, 7);0;0;;(8, 6);0;0;1;893
;(13, 7);0;0;;(8, 6);0;0;1;894
;(13, 7);0;0;;(8, 6);0;0;1;895
;(13, 7);0;0;;(8, 6);0;0;1;896
;(13, 7);0;0;;(8, 6);0;0;1;897
;(13, 7);0;0;;(8, 6);0;0;1;898
;(13, 7);0;0;;(8, 6);0;0;1;899
;(13, 7);0;0;;(8, 6);0;0;1;900
;(13, 7);0;0;;(8, 6);0;0;1;901
;(13, 7);0;0;;(8, 6);0;0;1;902
;(13, 7);0;0;;(8, 6);0;0;1;903
;(13, 7);0;0;;(8, 6);0;0;1;904
;(13, 7);0;0;;(8, 6);0;0;1;905
;(13, 7);0;0;;(8, 6);0;0;1;906
;(13, 7);0;0;;(8, 6);0;0;1;907
;(13, 7);0;0;;(8, 6);0;0;1;908
;(13, 7);0;0;;(8, 6);0;0;1;909
;(13, 7);0;0;;(8, 6);0;0;1;910
;(13, 7);0;0;;(8, 6);0;0;1;911
;(13, 7);0;0;;(8, 6);0;0;1;912
;(13, 7);0;0;;(8, 6);0;0;1;913
;(13, 7);0;0;;(8, 6);0;0;1;914
;(13, 7);0;0;;(8, 6);0;0;1;915
;(13, 7);0;0;;(8, 6);0;0;1;916
;(13, 7);0;0;;(8, 6);0;0;1;917
;(13, 7);0;0;;(8, 6);0;0;1;918
;(13, 7);0;0;;(8, 6);0;0;1;919
;(13, 7);0;0;;(8, 6);0;0;1;920
;(13, 7);0;0;;(8, 6);0;0;1;921
;(13, 7);0;0;;(8, 6);0;0;1;922
;(13, 7);0;0;;(8, 6);0;0;1;923
;(13, 7);0;0;;(8, 6);0;0;1;924
;(13, 7);0;0;;(8, 6);0;0;1;925
;(13, 7);0;0;;(8, 6);0;0;1;926
;(13, 7);0;0;;(8, 6);0;0;1;927
;(13, 7);0;0;;(8, 6);0;0;1;928
;(13, 7);0;0;;(8, 6);0;0;1;929
;(13, 7);0;0;;(8, 6);0;0;1;930
;(13, 7);0;0;;(8, 6);0;0;1;931
;(13, 7);0;0;;(8, 6);0;0;1;932
;(13, 7);0;0;;(8, 6);0;0;1;933
;(13, 7);0;0;;(8, 6);0;0;1;934
;(13, 7);0;0;;(8, 6);0;0;1;935
;(13, 7);0;0;;(8, 6);0;0;1;936
;(13, 7);0;0;;(8, 6);0;0;1;937
;(13, 7);0;0;;(8, 6);0;0;1;938
;(13, 7);0;0;;(8, 6);0;0;1;939
;(13, 7);0;0;;(8, 6);0;0;1;940
;(13, 7);0;0;;(8, 6);0;0;1;941
;(13, 7);0;0;;(8, 6);0;0;1;942
;(13, 7);0;0;;(8, 6);0;0;1;943
;(13, 7);0;0;;(8, 6);0;0;1;944
;(13, 7);0;0;;(8, 6);0;0;1;945
;(13, 7);0;0;;(8, 6);0;0;1;946
;(13, 7);0;0;;(8, 6);0;0;1;947
;(13, 7);0;0;;(8, 6);0;0;1;948
;(13, 7);0;0;;(8, 6);0;0;1;949
;(13, 7);0;0;;(8, 6);0;0;1;950
;(13, 7);0;0;;(8, 6);0;0;1;951
;(13, 7);0;0;;(8, 6);0;0;1;952
;(13, 7);0;0;;(8, 6);0;0;1;953
;(13, 7);0;0;;(8, 6);0;0;1;954
;(13, 7);0;0;;(8, 6);0;0;1;955
;(13, 7);0;0;;(8, 6);0;0;1;956
;(13, 7);0;0;;(8, 6);0;0;1;957
;(13, 7);0;0;;(8, 6);0;0;1;958
;(13, 7);0;0;;(8, 6);0;0;1;959
;(13, 7);0;0;;(8, 6);0;0;1;960
;(13, 7);0;0;;(8, 6);0;0;1;961
;(13, 7);0;0;;(8, 6);0;0;1;962
;(13, 7);0;0;;(8, 6);0;0;1;963
;(13, 7);0;0;;(8, 6);0;0;1;964
;(13, 7);0;0;;(8, 6);0;0;1;965
;(13, 7);0;0;;(8, 6);0;0;1;966
;(13, 7);0;0;;(8, 6);0;0;1;967
;(13, 7);0;0;;(8, 6);0;0;1;968
;(13, 7);0;0;;(8, 6);0;0;1;969
;(13, 7);0;0;;(8, 6);0;0;1;970
;(13, 7);0;0;;(8, 6);0;0;1;971
;(13, 7);0;0;;(8, 6);0;0;1;972
;(13, 7);0;0;;(8, 6);0;0;1;973
;(13, 7);0;0;;(8, 6);0;0;1;974
;(13, 7);0;0;;(8, 6);0;0;1;975
;(13, 7);0;0;;(8, 6);0;0;1;976
;(13, 7);0;0;;(8, 6);0;0;1;977
;(13, 7);0;0;;(8, 6);0;0;1;978
;(13, 7);0;0;;(8, 6);0;0;1;979
;(13, 7);0;0;;(8, 6);0;0;1;980
;(13, 7);0;0;;(8, 6);0;0;1;981
;(13, 7);0;0;;(8, 6);0;0;1;982
;(13, 7);0;0;;(8, 6);0;0;1;983
;(13, 7);0;0;;(8, 6);0;0;1;984
;(13, 7);0;0;;(8, 6);0;0;1;985
;(13, 7);0;0;;(8, 6);0;0;1;986
;(13, 7);0;0;;(8, 6);0;0;1;987
;(13, 7);0;0;;(8, 6);0;0;1;988
;(13, 7);0;0;;(8, 6);0;0;1;989
;(13, 7);0;0;;(8, 6);0;0;1;990
;(13, 7);0;0;;(8, 6);0;0;1;991
;(13, 7);0;0;;(8, 6);0;0;1;992
;(13, 7);0;0;;(8, 6);0;0;1;993
;(13, 7);0;0;;(8, 6);0;0;1;994
;(13, 7);0;0;;(8, 6);0;0;1;995
;(13, 7);0;0;;(8, 6);0;0;1;996
;(13, 7);0;0;;(8, 6);0;0;1;997
;(13, 7);0;0;;(8, 6);0;0;1;998
;(13, 7);0;0;;(8, 6);0;0;1;999
;(13, 7);0;0;;(8, 6);0;0;1;1000
;(13, 7);0;0;;(8, 6);0;0;1;1001
;(13, 7);0;0;;(8, 6);0;0;1;1002
;(13, 7);0;0;;(8, 6);0;0;1;1003
;(13, 7);0;0;;(8, 6);0;0;1;1004
;(13, 7);0;0;;(8, 6);0;0;1;1005
;(13, 7);0;0;;(8, 6);0;0;1;1006
